rank,title,director,attrs,date,rating_num,rating_people
1,肖申克的救赎,弗兰克·德拉邦特 Frank Darabont, 蒂姆·罗宾斯 Tim Robbins ,1994,9.7,3283921
2,霸王别姬,陈凯歌 Kaige Chen, 张国荣 Leslie Cheung / 张丰毅 Fengyi Zha,1993,9.6,2422794
3,泰坦尼克号,詹姆斯·卡梅隆 James Cameron, 莱昂纳多·迪卡普里奥 Leonardo,1997,9.5,2498060
4,阿甘正传,罗伯特·泽米吉斯 Robert Zemeckis, 汤姆·汉克斯 Tom Hanks ,1994,9.5,2429983
5,千与千寻,宫崎骏 Hayao Miyazaki, 柊瑠美 Rumi Hîragi / 入野自由 Miy,2001,9.4,2536479
6,美丽人生,罗伯托·贝尼尼 Roberto Benigni, 罗伯托·贝尼尼 Roberto Beni,1997,9.5,1482196
7,星际穿越,克里斯托弗·诺兰 Christopher Nolan, 马修·麦康纳 Matthew Mc,2014,9.4,2183355
8,这个杀手不太冷,吕克·贝松 Luc Besson, 让·雷诺 Jean Reno / 娜塔莉·波特曼 ,1994,9.4,2552063
9,盗梦空间,克里斯托弗·诺兰 Christopher Nolan, 莱昂纳多·迪卡普里奥 Le,2010,9.4,2325245
10,楚门的世界,彼得·威尔 Peter Weir, 金·凯瑞 Jim Carrey / 劳拉·琳妮 Lau,1998,9.4,2018832
11,辛德勒的名单,史蒂文·斯皮尔伯格 Steven Spielberg, 连姆·尼森 Liam Neeson,1993,9.5,1247088
12,忠犬八公的故事,莱塞·霍尔斯道姆 Lasse Hallström, 理查·基尔 Richard Ger,2009,9.4,1543019
13,海上钢琴师,朱塞佩·托纳多雷 Giuseppe Tornatore, 蒂姆·罗斯 Tim Roth ,1998,9.3,1879355
14,疯狂动物城,拜伦·霍华德 Byron Howard / 瑞奇·摩尔 Rich Moore, 金妮弗·,2016,9.3,2319590
15,三傻大闹宝莱坞,拉库马·希拉尼 Rajkumar Hirani, 阿米尔·汗 Aamir Khan / 卡,2009,9.2,2078288
16,机器人总动员,安德鲁·斯坦顿 Andrew Stanton, 本·贝尔特 Ben Burtt / 艾丽,2008,9.3,1493231
17,放牛班的春天,克里斯托夫·巴拉蒂 Christophe Barratier, 让-巴蒂斯特·莫尼,2004,9.3,1473750
18,无间道,刘伟强 / 麦兆辉, 刘德华 Andy Lau / 梁朝伟 Tony Leung Chiu W,2002,9.3,1565033
19,控方证人,比利·怀尔德 Billy Wilder, 泰隆·鲍华 Tyrone Power / 玛琳·,1957,9.6,743383
20,寻梦环游记,李·昂克里奇 Lee Unkrich / 阿德里安·莫利纳 Adrian Molina, ,2017,9.1,1989074
21,大话西游之大圣娶亲,刘镇伟 Jeffrey Lau, 周星驰 Stephen Chow / 吴孟达 Man Tat Ng,1995,9.2,1709526
22,熔炉,黄东赫 Dong-hyuk Hwang, 孔侑 Yoo Gong / 郑有美 Yu-mi Jung ,2011,9.3,1036178
23,触不可及,奥利维·那卡什 Olivier Nakache / 艾力克·托兰达 Eric Toledano   主...,,2011,9.3,1295968
24,教父,弗朗西斯·福特·科波拉 Francis Ford Coppola, 马龙·白兰度 M,1972,9.3,1107446
25,末代皇帝,贝纳尔多·贝托鲁奇 Bernardo Bertolucci, 尊龙 John Lone / 陈,1987,9.3,1029141
26,哈利·波特与魔法石,Chris Columbus, Daniel Radcliffe / Emma Watson / Rupert Grint,2001,9.2,1423166
27,当幸福来敲门,加布里尔·穆奇诺 Gabriele Muccino, 威尔·史密斯 Will Smith ,2006,9.1,1688204
28,龙猫,宫崎骏 Hayao Miyazaki, 日高法子 Noriko Hidaka / 坂本千夏 Ch,1988,9.2,1411553
29,活着,张艺谋 Yimou Zhang, 葛优 You Ge / 巩俐 Li Gong / 姜武 Wu Jiang,1994,9.3,970569
30,怦然心动,罗伯·莱纳 Rob Reiner, 玛德琳·卡罗尔 Madeline Carroll / 卡,2010,9.1,2051675
31,蝙蝠侠：黑暗骑士,克里斯托弗·诺兰 Christopher Nolan, 克里斯蒂安·贝尔 Christ,2008,9.2,1193169
32,指环王3：王者无敌,彼得·杰克逊 Peter Jackson, 伊利亚·伍德 Elijah Wood / 西恩,2003,9.3,910927
33,我不是药神,文牧野 Muye Wen, 徐峥 Zheng Xu / 王传君 Chuanjun Wang / 周,2018,9.0,2350834
34,乱世佳人,维克多·弗莱明 Victor Fleming / 乔治·库克 George Cukor, 费,1939,9.3,795923
35,飞屋环游记,彼特·道格特 Pete Docter / 鲍勃·彼德森 Bob Peterson, 爱德,2009,9.1,1501388
36,让子弹飞,姜文 Wen Jiang, 姜文 Wen Jiang / 葛优 You Ge / 周润发 Yun-F,2010,9.0,1920951
37,哈尔的移动城堡,宫崎骏 Hayao Miyazaki, 倍赏千惠子 Chieko Baishô / 木村拓,2004,9.1,1291925
38,十二怒汉,西德尼·吕美特 Sidney Lumet, 亨利·方达 Henry Fonda / 马丁,1957,9.4,579404
39,海蒂和爷爷,阿兰·葛斯彭纳 Alain Gsponer, 阿努克·斯特芬 Anuk Steffen ,2015,9.3,782353
40,素媛,李濬益 Jun-ik Lee, 薛景求 Kyung-gu Sol / 严志媛 Ji-won Uhm ,2013,9.3,776577
41,猫鼠游戏,史蒂文·斯皮尔伯格 Steven Spielberg, 莱昂纳多·迪卡普里奥 L,2002,9.1,1211939
42,天空之城,宫崎骏 Hayao Miyazaki, 田中真弓 Mayumi Tanaka / 横泽启子 Ke,1986,9.2,1009651
43,鬼子来了,姜文 Wen Jiang, 姜文 Wen Jiang / 香川照之 Teruyuki Kagawa ,2000,9.3,715679
44,摔跤吧！爸爸,涅提·蒂瓦里 Nitesh Tiwari, 阿米尔·汗 Aamir Khan / 法缇玛,2016,9.0,1746182
45,少年派的奇幻漂流,李安 Ang Lee, 苏拉·沙玛 Suraj Sharma / 伊尔凡·可汗 Irrfan,2012,9.1,1490377
46,钢琴家,罗曼·波兰斯基 Roman Polanski, 艾德里安·布洛迪 Adrien Brod,2002,9.3,750790
47,指环王2：双塔奇兵,彼得·杰克逊 Peter Jackson, 伊利亚·伍德 Elijah Wood / 西恩,2002,9.2,857899
48,死亡诗社,彼得·威尔 Peter Weir, 罗宾·威廉姆斯 Robin Williams / 罗伯,1989,9.2,884334
49,大话西游之月光宝盒,刘镇伟 Jeffrey Lau, 周星驰 Stephen Chow / 吴孟达 Man Tat Ng,1995,9.0,1366407
50,绿皮书,彼得·法雷里 Peter Farrelly, 维果·莫腾森 Viggo Mortensen ,2018,8.9,1894044
51,何以为家,娜丁·拉巴基 Nadine Labaki, 扎因·拉费阿 Zain al-Rafeea ,2018,9.1,1163148
52,闻香识女人,马丁·布莱斯 Martin Brest, 阿尔·帕西诺 Al Pacino / 克里斯,1992,9.1,1024062
53,大闹天宫,万籁鸣 Laiming Wan, 邱岳峰 Yuefeng Qiu / 富润生 Runsheng Fu,,9.4,510305
54,黑客帝国,安迪·沃卓斯基 Andy Wachowski / 拉娜·沃卓斯基 Lana Wachowski   主...,,1999,9.1,951314
55,指环王1：护戒使者,彼得·杰克逊 Peter Jackson, 伊利亚·伍德 Elijah Wood / 西恩,2001,9.1,961007
56,罗马假日,威廉·惠勒 William Wyler, 奥黛丽·赫本 Audrey Hepburn / 格,1953,9.1,1049204
57,教父2,弗朗西斯·福特·科波拉 Francis Ford Coppola, 阿尔·帕西诺 A,1974,9.3,640751
58,狮子王,Roger Allers / 罗伯·明可夫 Rob Minkoff, 乔纳森·泰勒·托马,1994,9.1,961752
59,天堂电影院,朱塞佩·托纳多雷 Giuseppe Tornatore, 菲利普·努瓦雷 Philipp,1988,9.2,742026
60,饮食男女,李安 Ang Lee, 郎雄 Sihung Lung / 杨贵媚 Kuei-Mei Yang / 吴,1994,9.2,726241
61,辩护人,杨宇硕 Woo-seok Yang, 宋康昊 Kang-ho Song / 金英爱 Yeong-ae,2013,9.2,658607
62,本杰明·巴顿奇事,大卫·芬奇 David Fincher, 布拉德·皮特 Brad Pitt / 凯特·布,2008,9.0,1106187
63,搏击俱乐部,大卫·芬奇 David Fincher, 爱德华·诺顿 Edward Norton / 布拉,1999,9.0,976849
64,美丽心灵,朗·霍华德 Ron Howard, 罗素·克劳 Russell Crowe / 艾德·哈,2001,9.1,854221
65,穿条纹睡衣的男孩,马克·赫尔曼 Mark Herman, 阿萨·巴特菲尔德 Asa Butterfield ,2008,9.2,642537
66,哈利·波特与死亡圣器(下),大卫·叶茨 David Yates, 丹尼尔·雷德克里夫 Daniel Radcliffe,2011,9.0,972007
67,情书,岩井俊二 Shunji Iwai, 中山美穗 Miho Nakayama / 丰川悦司 Ets,1995,8.9,1327462
68,两杆大烟枪,盖·里奇 Guy Ritchie, 杰森·弗莱明 Jason Flemyng / 德克斯特,1998,9.1,678826
69,窃听风暴,弗洛里安·亨克尔·冯·多纳斯马尔克 Florian Henckel von Donnersmarck  &n...,,2006,9.2,632749
70,音乐之声,罗伯特·怀斯 Robert Wise, 朱莉·安德鲁斯 Julie Andrews / 克,1965,9.1,685104
71,功夫,周星驰 Stephen Chow, 周星驰 Stephen Chow / 元秋 Qiu Yuen ,2004,8.9,1338260
72,哈利·波特与阿兹卡班的囚徒,阿方索·卡隆 Alfonso Cuarón, 丹尼尔·雷德克里夫 Daniel Rad,2004,9.0,892551
73,阿凡达,詹姆斯·卡梅隆 James Cameron, 萨姆·沃辛顿 Sam Worthington ,2009,8.8,1587937
74,西西里的美丽传说,朱塞佩·托纳多雷 Giuseppe Tornatore, 莫妮卡·贝鲁奇 Monica ,2000,8.9,1094634
75,看不见的客人,奥里奥尔·保罗 Oriol Paulo, 马里奥·卡萨斯 Mario Casas / 阿,2016,8.8,1442945
76,拯救大兵瑞恩,史蒂文·斯皮尔伯格 Steven Spielberg, 汤姆·汉克斯 Tom Hanks,1998,9.1,726069
77,沉默的羔羊,乔纳森·戴米 Jonathan Demme, 朱迪·福斯特 Jodie Foster / 安,1991,8.9,1017862
78,小鞋子,马基德·马基迪 Majid Majidi, 默罕默德·阿米尔·纳吉 Mohamma,1997,9.2,466994
79,布达佩斯大饭店,韦斯·安德森 Wes Anderson, 拉尔夫·费因斯 Ralph Fiennes ,2014,8.9,1087293
80,蝴蝶效应,埃里克·布雷斯 Eric Bress / J·麦基·格鲁伯 J. Mackye Gruber   主...,,2004,8.9,1069981
81,飞越疯人院,米洛斯·福尔曼 Miloš Forman, 杰克·尼科尔森 Jack Nichols,1975,9.1,605196
82,还有明天,宝拉·柯特莱西 Paola Cortellesi, 宝拉·柯特莱西 Paola Corte,2023,9.3,373926
83,禁闭岛,Martin Scorsese, 莱昂纳多·迪卡普里奥 Leonardo DiCaprio ,2010,8.9,1115841
84,心灵捕手,格斯·范·桑特 Gus Van Sant, 马特·达蒙 Matt Damon / 罗宾·,1997,9.0,816683
85,致命魔术,克里斯托弗·诺兰 Christopher Nolan, 休·杰克曼 Hugh Jackman,2006,8.9,965859
86,低俗小说,昆汀·塔伦蒂诺 Quentin Tarantino, 约翰·特拉沃尔塔 John Tra,1994,8.9,961564
87,哈利·波特与密室,Chris Columbus, 丹尼尔·雷德克里夫 Daniel Radcliffe / 艾玛,2002,8.9,919009
88,超脱,托尼·凯耶 Tony Kaye, 艾德里安·布洛迪 Adrien Brody / 马西,2011,9.0,725034
89,一一,杨德昌 Edward Yang, 吴念真 / 李凯莉 Kelly Lee / 金燕玲 Elai,2000,9.1,512457
90,喜剧之王,周星驰 Stephen Chow / 李力持 Lik-Chi Lee, 周星驰 Stephen Ch,1999,8.8,1097842
91,致命ID,詹姆斯·曼高德 James Mangold, 约翰·库萨克 John Cusack / 雷,2003,8.9,952011
92,杀人回忆,奉俊昊 Joon-ho Bong, 宋康昊 Kang-ho Song / 金相庆 Sang-kyun,2003,8.9,839533
93,摩登时代,查理·卓别林 Charles Chaplin, 查理·卓别林 Charles Chaplin ,1936,9.3,347963
94,春光乍泄,王家卫 Kar Wai Wong, 张国荣 Leslie Cheung / 梁朝伟 Tony Leu,1997,9.0,710940
95,加勒比海盗,戈尔·维宾斯基 Gore Verbinski, 约翰尼·德普 Johnny Depp ,2003,8.8,971085
96,海豚湾,路易·西霍尤斯 Louie Psihoyos, 路易·西霍尤斯 Louie Psihoyo,2009,9.3,382944
97,美国往事,赛尔乔·莱翁内 Sergio Leone, 罗伯特·德尼罗 Robert De Niro ,1984,9.1,473141
98,红辣椒,今敏 Satoshi Kon, 林原惠美 Megumi Hayashibara / 江守彻 Toru,2006,9.0,572246
99,七宗罪,大卫·芬奇 David Fincher, 摩根·弗里曼 Morgan Freeman / 布,1995,8.8,1064854
100,唐伯虎点秋香,李力持 Lik-Chi Lee, 周星驰 Stephen Chow / 巩俐 Li Gong / 陈,1993,8.8,1227551
101,狩猎,托马斯·温特伯格 Thomas Vinterberg, 麦斯·米科尔森 Mads Mik,2012,9.1,472357
102,幽灵公主,宫崎骏 Hayao Miyazaki, 松田洋治 Yôji Matsuda / 石田百合,1997,8.9,671739
103,甜蜜蜜,陈可辛 Peter Chan, 黎明 Leon Lai / 张曼玉 Maggie Cheung ,1996,8.9,676093
104,寄生虫,奉俊昊 Joon-ho Bong, 宋康昊 Kang-ho Song / 李善均 Seon-gyun,2019,8.8,1552124
105,天书奇谭,王树忱 Shuchen Wang / 钱运达 Yunda Qian, 丁建华 Jianhua Din,,9.2,336785
106,蝙蝠侠：黑暗骑士崛起,克里斯托弗·诺兰 Christopher Nolan, 克里斯蒂安·贝尔 Christ,2012,8.9,816508
107,超能陆战队,唐·霍尔 Don Hall / 克里斯·威廉姆斯 Chris Williams, 斯科特,2014,8.8,1148771
108,7号房的礼物,李焕庆 Hwan-kyeong Lee, 柳承龙 Seung-yong Ryoo / 朴信惠 Shi,2013,8.9,623781
109,茶馆,谢添 Tian Xie, 于是之 Shizhi Yu / 郑榕 Rong Zhen / 蓝天野 T,,9.5,210625
110,第六感,M·奈特·沙马兰 M. Night Shyamalan, 布鲁斯·威利斯 Bruce Wi,1999,8.9,640886
111,爱在黎明破晓前,理查德·林克莱特 Richard Linklater, 伊桑·霍克 Ethan Hawke ,1995,8.8,804659
112,爱在日落黄昏时,理查德·林克莱特 Richard Linklater, 伊桑·霍克 Ethan Hawke ,2004,8.9,656839
113,被嫌弃的松子的一生,中岛哲也 Tetsuya Nakashima, 中谷美纪 Miki Nakatani / 瑛太 E,2006,8.8,777020
114,头脑特工队,彼特·道格特 Pete Docter / 罗纳尔多·德尔·卡门 Ronaldo Del Carmen  &nb...,,2015,8.8,810150
115,哈利·波特与火焰杯,迈克·内威尔 Mike Newell, 丹尼尔·雷德克里夫 Daniel Radclif,2005,8.8,805079
116,未麻的部屋,今敏 Satoshi Kon, 岩男润子 Junko Iwao / 松本梨香 Rica Matsu,1997,9.1,427547
117,重庆森林,王家卫 Kar Wai Wong, 林青霞 Brigitte Lin / 金城武 Takeshi K,1994,8.8,925849
118,借东西的小人阿莉埃蒂,米林宏昌 Hiromasa Yonebayashi, 志田未来 Mirai Shida / 神木,2010,8.9,630000
119,菊次郎的夏天,北野武 Takeshi Kitano, 北野武 Takeshi Kitano / 关口雄介 Yus,1999,8.9,675739
120,入殓师,泷田洋二郎 Yôjirô Takita, 本木雅弘 Masahiro Motoki ,2008,8.9,744809
121,断背山,李安 Ang Lee, 希斯·莱杰 Heath Ledger / 杰克·吉伦哈尔 Jake,2005,8.8,785303
122,剪刀手爱德华,蒂姆·波顿 Tim Burton, 约翰尼·德普 Johnny Depp / 薇诺娜·,1990,8.7,1123354
123,勇敢的心,梅尔·吉布森 Mel Gibson, 梅尔·吉布森 Mel Gibson / 苏菲·玛,1995,8.9,607112
124,时空恋旅人,理查德·柯蒂斯 Richard Curtis, 多姆纳尔·格里森 Domhnall Gl,2013,8.8,796921
125,驯龙高手,迪恩·德布洛斯 Dean DeBlois / 克里斯·桑德斯 Chris Sanders,,2010,8.8,869151
126,消失的爱人,大卫·芬奇 David Fincher, 本·阿弗莱克 Ben Affleck / 罗莎蒙,2014,8.7,1077226
127,无人知晓,是枝裕和 Hirokazu Koreeda, 柳乐优弥 Yûya Yagira / 北浦爱,2004,9.1,374213
128,傲慢与偏见,乔·怀特 Joe Wright, 凯拉·奈特莉 Keira Knightley / 马修·,2005,8.7,941951
129,倩女幽魂,程小东 Siu-Tung Ching, 张国荣 Leslie Cheung / 王祖贤 Joey W,1987,8.8,838332
130,新世界,朴勋政 Hoon-jung Park, 李政宰 Jung-Jae Lee / 崔岷植 Min-sik,2013,8.9,530638
131,花样年华,王家卫 Kar Wai Wong, 张曼玉 Maggie Cheung / 梁朝伟 Tony Leu,2000,8.8,809279
132,玩具总动员3,李·昂克里奇 Lee Unkrich, 汤姆·汉克斯 Tom Hanks / 蒂姆·艾,2010,8.9,595355
133,一个叫欧维的男人决定去死,汉内斯·赫尔姆 Hannes Holm, 罗夫·拉斯加德 Rolf Lassgård,2015,8.9,572147
134,色，戒,李安 Ang Lee, 梁朝伟 Tony Leung Chiu Wai / 汤唯 Wei Tang ,2007,8.7,965950
135,完美的世界,克林特·伊斯特伍德 Clint Eastwood, 凯文·科斯特纳 Kevin Cos,1993,9.1,361542
136,怪兽电力公司,彼特·道格特 Pete Docter / 大卫·斯沃曼 David Silverman, 约,2001,8.8,773495
137,阳光灿烂的日子,姜文 Wen Jiang, 夏雨 Yu Xia / 宁静 Jing Ning / 陶虹 Hong Tao,1994,8.8,698166
138,教父3,弗朗西斯·福特·科波拉 Francis Ford Coppola, 阿尔·帕西诺 A,1990,9.0,434571
139,小森林 夏秋篇,森淳一 Junichi Mori, 桥本爱 Ai Hashimoto / 三浦贵大 Takahir,2014,9.0,475335
140,天使爱美丽,让-皮埃尔·热内 Jean-Pierre Jeunet, 奥黛丽·塔图 Audrey Tau,2001,8.7,1023338
141,侧耳倾听,近藤喜文 Yoshifumi Kondo, 本名阳子 Youko Honna / 小林桂树 K,1995,8.9,522545
142,哪吒闹海,王树忱 Shuchen Wang / 严定宪 Dingxian Yan, 梁正晖 Zhenghui ,1979,9.2,309789
143,九品芝麻官,王晶 Jing Wong, 周星驰 Stephen Chow / 吴孟达 Man Tat Ng ,1994,8.8,797977
144,被解救的姜戈,昆汀·塔伦蒂诺 Quentin Tarantino, 杰米·福克斯 Jamie Foxx ,2012,8.8,695753
145,请以你的名字呼唤我,卢卡·瓜达尼诺 Luca Guadagnino, 艾米·汉莫 Armie Hammer ,2017,8.8,828223
146,幸福终点站,史蒂文·斯皮尔伯格 Steven Spielberg, 汤姆·汉克斯 Tom Hanks,2004,8.8,644978
147,釜山行,延尚昊 Sang-ho Yeon, 孔刘 Yoo Gong / 郑有美 Yu-mi Jung / 马,2016,8.6,1355346
148,神偷奶爸,皮艾尔·柯芬 Pierre Coffin / 克里斯·雷纳德 Chris Renaud, ,2010,8.7,1050513
149,小森林 冬春篇,森淳一 Junichi Mori, 桥本爱 Ai Hashimoto / 三浦贵大 Takahir,2015,9.0,422319
150,喜宴,李安 Ang Lee, 赵文瑄 Winston Chao / 归亚蕾 Ya-lei Kuei / 郎,1993,9.0,434277
151,萤火之森,大森贵弘 Takahiro Omori, 佐仓绫音 Ayane Sakura / 内山昂辉 K,2011,8.8,614053
152,告白,中岛哲也 Tetsuya Nakashima, 松隆子 Takako Matsu / 冈田将生 ,2010,8.8,746621
153,玛丽和麦克斯,亚当·艾略特 Adam Elliot, 托妮·科莱特 Toni Collette / 菲利,2009,9.0,472648
154,七武士,黑泽明 Akira Kurosawa, 三船敏郎 Toshirô Mifune / 志村乔 ,1954,9.3,237148
155,头号玩家,史蒂文·斯皮尔伯格 Steven Spielberg, 泰伊·谢里丹 Tye Sheri,2018,8.6,1522498
156,模仿游戏,莫滕·泰杜姆 Morten Tyldum, 本尼迪克特·康伯巴奇 Benedict C,2014,8.8,722764
157,惊魂记,阿尔弗雷德·希区柯克 Alfred Hitchcock, 安东尼·博金斯 Antho,1960,9.0,358614
158,大鱼,蒂姆·波顿 Tim Burton, 伊万·麦克格雷格 Ewan McGregor / 阿,2003,8.8,629242
159,机器人之梦,巴勃罗·贝格尔 Pablo Berger, 伊万·拉班达 Ivan Labanda,2023,9.1,444308
160,心灵奇旅,彼特·道格特 Pete Docter / 凯普·鲍尔斯 Kemp Powers, 杰米·,2020,8.7,1148674
161,背靠背，脸对脸,黄建新 Jianxin Huang / 杨亚洲 Yazhou Yang, 牛振华 Zhenhua N,1994,9.5,181507
162,血战钢锯岭,梅尔·吉布森 Mel Gibson, 安德鲁·加菲尔德 Andrew Garfield ,2016,8.7,862664
163,射雕英雄传之东成西就,刘镇伟 Jeffrey Lau, 梁朝伟 Tony Leung Chiu Wai / 林青霞 Bri,1993,8.7,720497
164,你的名字。,新海诚 Makoto Shinkai, 神木隆之介 Ryûnosuke Kamiki / 上,2016,8.5,1599595
165,我是山姆,杰茜·尼尔森 Jessie Nelson, Sean Penn / Dakota Fanning / Mi,2001,9.0,378379
166,阳光姐妹淘,姜炯哲 Hyeong-Cheol Kang, 沈恩京 Eun-kyung Shim / 闵孝琳 Hy,2011,8.8,640805
167,恐怖直播,金秉祐 Byeong-woo Kim, 河正宇 Jung-woo Ha / 李璟荣 Kyeong-y,2013,8.7,731258
168,黑客帝国3：矩阵革命,拉娜·沃卓斯基 Lana Wachowski / 莉莉·沃卓斯基 Lilly Wachowski   ...,,2003,8.8,499495
169,末路狂花,雷德利·斯科特 Ridley Scott, 吉娜·戴维斯 Geena Davis / 苏,1991,9.0,352495
170,高山下的花环,谢晋 Jin Xie, 吕晓禾 Xiaohe Lü / 唐国强 Guoqiang Tang / 何,,9.5,161274
171,小丑,托德·菲利普斯 Todd Phillips, 杰昆·菲尼克斯 Joaquin Phoeni,2019,8.7,1129034
172,谍影重重3,保罗·格林格拉斯 Paul Greengrass, 马特·达蒙 Matt Damon ,2007,8.9,473304
173,三块广告牌,马丁·麦克唐纳 Martin McDonagh, 弗兰西斯·麦克多蒙德 France,2017,8.7,923828
174,电锯惊魂,詹姆斯·温 James Wan, 雷·沃纳尔 Leigh Whannell / 加利·艾,2004,8.7,616288
175,无间道2,刘伟强 Andrew Lau / 麦兆辉 Alan Mak, 陈冠希 Edison Chen ,2003,8.8,570781
176,达拉斯买家俱乐部,让-马克·瓦雷 Jean-Marc Vallée, 马修·麦康纳 Matthew McCon,2013,8.8,508596
177,疯狂原始人,科克·德·米科 Kirk De Micco / 克里斯·桑德斯 Chris Sanders,,2013,8.7,924834
178,绿里奇迹,弗兰克·德拉邦特 Frank Darabont, 汤姆·汉克斯 Tom Hanks ,1999,8.9,390521
179,爱在午夜降临前,理查德·林克莱特 Richard Linklater, 伊桑·霍克 Ethan Hawke ,2013,8.9,477027
180,雨中曲,斯坦利·多南 Stanley Donen / 吉恩·凯利 Gene Kelly, 吉恩·,1952,9.1,270643
181,疯狂的石头,宁浩 Hao Ning, 郭涛 Tao Guo / 刘桦 Hua Liu / 连晋 Teddy Lin,2006,8.6,930129
182,2001太空漫游,斯坦利·库布里克 Stanley Kubrick, 凯尔·杜拉 Keir Dullea ,1968,8.9,399490
183,海街日记,是枝裕和 Hirokazu Koreeda, 绫濑遥 Haruka Ayase / 长泽雅美 M,2015,8.8,524393
184,风之谷,宫崎骏 Hayao Miyazaki, 岛本须美 Sumi Shimamoto / 松田洋治 Y,1984,8.9,395192
185,上帝之城,费尔南多·梅里尔斯 Fernando Meirelles / 卡迪亚·兰德 Kátia Lund  &nbsp...,,2002,9.0,334847
186,心迷宫,忻钰坤 Yukun Xin, 霍卫民 Weimin Huo / 王笑天 Xiaotian Wang ,2014,8.7,621430
187,英雄本色,吴宇森 John Woo, 周润发 Yun-Fat Chow / 狄龙 Lung Ti / 张国,1986,8.6,609152
188,记忆碎片,克里斯托弗·诺兰 Christopher Nolan, 盖·皮尔斯 Guy Pearce ,2000,8.7,673153
189,纵横四海,吴宇森 John Woo, 周润发 Yun-Fat Chow / 张国荣 Leslie Cheung,1991,8.8,482651
190,无敌破坏王,瑞奇·莫尔 Rich Moore, 约翰·C·赖利 John C. Reilly / 萨拉,2012,8.7,614909
191,卢旺达饭店,特瑞·乔治 Terry George, 唐·钱德尔 Don Cheadle / 苏菲·奥,2004,8.9,368849
192,牯岭街少年杀人事件,杨德昌 Edward Yang, 张震 Chen Chang / 杨静怡 Lisa Yang / 张,1991,8.9,372386
193,恐怖游轮,克里斯托弗·史密斯 Christopher Smith, 梅利莎·乔治 Melissa ,2009,8.5,996155
194,东京教父,今敏 Satoshi Kon, 江守彻 Toru Emori / 梅垣义明 Yoshiaki Ume,2003,9.0,293508
195,小偷家族,是枝裕和 Hirokazu Koreeda, 中川雅也 Lily Franky / 安藤樱 Sa,2018,8.7,898526
196,魔女宅急便,宫崎骏 Hayao Miyazaki, 高山南 Minami Takayama / 佐久间玲 Re,1989,8.7,527541
197,冰川时代,卡洛斯·沙尔丹哈 Carlos Saldanha / 克里斯·韦奇 Chris Wedge,,2002,8.7,688735
198,芙蓉镇,谢晋 Jin Xie, 刘晓庆 Xiaoqing Liu / 姜文 Wen Jiang / 郑在石,1987,9.3,191738
199,忠犬八公物语,神山征二郎 Seijirô Kôyama, 仲代达矢 Tatsuya Nakadai ,1987,9.2,219794
200,岁月神偷,罗启锐 Alex Law, 吴君如 Sandra Ng / 任达华 Simon Yam / 钟绍,2010,8.7,614322
201,遗愿清单,罗伯·莱纳 Rob Reiner, 杰克·尼科尔森 Jack Nicholson / 摩根,2007,8.7,542034
202,荒蛮故事,达米安·斯兹弗隆 Damián Szifron, 达里奥·葛兰帝内提 Darío,2014,8.7,520837
203,大佛普拉斯,黄信尧 Hsin-yao Huang, 庄益增 Yizeng Zhuang / 陈竹昇 Chu-sh,2017,8.7,557674
204,源代码,邓肯·琼斯 Duncan Jones, 杰克·吉伦哈尔 Jake Gyllenhaal ,2011,8.6,930896
205,花束般的恋爱,土井裕泰 Nobuhiro Doi, 菅田将晖 Masaki Suda / 有村架纯 Kasu,2021,8.6,835441
206,白日梦想家,本·斯蒂勒 Ben Stiller, 本·斯蒂勒 Ben Stiller / 克里斯汀·,2013,8.6,654721
207,爱乐之城,达米恩·查泽雷 Damien Chazelle, 瑞恩·高斯林 Ryan Gosling ,2016,8.4,1127855
208,疯狂的麦克斯4：狂暴之路,乔治·米勒 George Miller, 汤姆·哈迪 Tom Hardy / 查理兹·塞,2015,8.7,621742
209,可可西里,陆川 Chuan Lu, 多布杰 Duobujie / 张磊 Lei Zhang / 亓亮 Qi L,2004,8.9,348419
210,你看起来好像很好吃,藤森雅也 Masaya Fujimori, 山口胜平 Kappei Yamaguchi / 爱河,2010,8.9,377792
211,贫民窟的百万富翁,丹尼·鲍尔 Danny Boyle / 洛芙琳·坦丹 Loveleen Tandan, 戴夫,2008,8.6,809402
212,波西米亚狂想曲,布莱恩·辛格 Bryan Singer, 拉米·马雷克 Rami Malek / 本·哈,2018,8.6,694482
213,城市之光,查理·卓别林 Charles Chaplin, 查理·卓别林 Charles Chaplin ,1931,9.3,174218
214,爆裂鼓手,达米恩·查泽雷 Damien Chazelle, 迈尔斯·特勒 Miles Teller ,2014,8.6,695190
215,青蛇,徐克 Hark Tsui, 张曼玉 Maggie Cheung / 王祖贤 Joey Wang ,1993,8.6,603924
216,哈利·波特与死亡圣器(上),大卫·叶茨 David Yates, 丹尼尔·雷德克里夫 Daniel Radcliffe,2010,8.6,700392
217,无耻混蛋,昆汀·塔伦蒂诺 Quentin Tarantino, 布拉德·皮特 Brad Pitt ,2009,8.7,566679
218,东邪西毒,王家卫 Kar Wai Wong, 张国荣 Leslie Cheung / 林青霞 Brigitte,1994,8.6,637832
219,大红灯笼高高挂,张艺谋 Yimou Zhang, 巩俐 Li Gong / 马精武 Jingwu Ma / 何赛,1991,8.8,376198
220,终结者2：审判日,詹姆斯·卡梅隆 James Cameron, 阿诺·施瓦辛格 Arnold Schwarz,1991,8.8,388369
221,黑天鹅,达伦·阿罗诺夫斯基 Darren Aronofsky, 娜塔莉·波特曼 Natalie,2010,8.6,850287
222,新龙门客栈,李惠民 Raymond Lee, 张曼玉 Maggie Cheung / 林青霞 Brigitte ,1992,8.7,513096
223,初恋这件小事,普特鹏·普罗萨卡·那·萨克那卡林 Puttipong Promsaka Na Sakolnakorn / 华森·波克彭...,,2010,8.5,1055249
224,千钧一发,安德鲁·尼科尔 Andrew Niccol, 伊桑·霍克 Ethan Hawke / 乌玛,1997,8.8,353482
225,人工智能,史蒂文·斯皮尔伯格 Steven Spielberg, 海利·乔·奥斯蒙 Haley,2001,8.7,505622
226,崖上的波妞,宫崎骏 Hayao Miyazaki, 奈良柚莉爱 Yuria Nara / 土井洋辉 Hir,2008,8.6,578782
227,雨人,巴瑞·莱文森 Barry Levinson, 达斯汀·霍夫曼 Dustin Hoffman ,1988,8.7,444955
228,虎口脱险,杰拉尔·乌里 Gérard Oury, 路易·德·菲耐斯 Louis de Funès,1966,8.9,298099
229,哈利·波特与凤凰社,大卫·叶茨 David Yates, 丹尼尔·雷德克里夫 Daniel Radcliffe,2007,8.6,700343
230,彗星来的那一夜,詹姆斯·沃德·布柯特 James Ward Byrkit, 艾米丽·芭尔多尼 Em,2013,8.6,690079
231,罗生门,黑泽明 Akira Kurosawa, 三船敏郎 Toshirô Mifune / 京町子 ,1950,8.8,360499
232,海边的曼彻斯特,肯尼斯·罗纳根 Kenneth Lonergan, 卡西·阿弗莱克 Casey Affle,2016,8.6,657651
233,恋恋笔记本,尼克·卡索维茨 Nick Cassavetes, 瑞恩·高斯林 Ryan Gosling ,2004,8.5,753465
234,火星救援,雷德利·斯科特 Ridley Scott, 马特·达蒙 Matt Damon / 杰西卡,2015,8.5,842716
235,真爱至上,理查德·柯蒂斯 Richard Curtis, 休·格兰特 Hugh Grant / 连姆,2003,8.5,811149
236,黑客帝国2：重装上阵,拉娜·沃卓斯基 Lana Wachowski / 莉莉·沃卓斯基 Lilly Wachowski   ...,,2003,8.7,458108
237,冰雪奇缘,克里斯·巴克 Chris Buck / 珍妮弗·李 Jennifer Lee, 克里斯汀,2013,8.5,836615
238,步履不停,是枝裕和 Hirokazu Koreeda, 阿部宽 Hiroshi Abe / 夏川结衣 Yu,2008,8.8,330241
239,奇迹男孩,斯蒂芬·卓博斯基 Stephen Chbosky, 雅各布·特伦布莱 Jacob Tr,2017,8.6,603064
240,千年女优,今敏 Satoshi Kon, 庄司美代子 Miyoko Shôji / 小山茉美 Mam,2001,8.8,320149
241,谍影重重2,保罗·格林格拉斯 Paul Greengrass, 马特·达蒙 Matt Damon ,2004,8.7,402215
242,战争之王,安德鲁·尼科尔 Andrew Niccol, 尼古拉斯·凯奇 Nicolas Cage ,2005,8.7,417791
243,蜘蛛侠：平行宇宙,鲍勃·佩尔西凯蒂 Bob Persichetti / 彼得·拉姆齐 Peter Ramsey   主...,,2018,8.6,761089
244,攻壳机动队,押井守 Mamoru Oshii, 田中敦子 Atsuko Tanaka / 大冢明夫 Akio,1995,9.0,220214
245,血钻,爱德华·兹威克 Edward Zwick, 莱昂纳多·迪卡普里奥 Leonardo ,2006,8.7,423932
246,小姐,朴赞郁 Chan-wook Park, 金敏喜 Min-hee Kim / 金泰梨 Tae-ri K,2016,8.5,581573
247,隐藏人物,特奥多尔·梅尔菲 Theodore Melfi, 塔拉吉·P·汉森 Taraji P. ,2016,8.9,275248
248,血观音,杨雅喆 Ya-che Yang, 惠英红 Kara Wai Ying Hung / 吴可熙 Wu K,2017,8.6,569013
249,魂断蓝桥,茂文·勒鲁瓦 Mervyn LeRoy, 费雯·丽 Vivien Leigh / 罗伯特·,1940,8.8,312222
250,房间,伦尼·阿伯拉罕森 Lenny Abrahamson, 布丽·拉尔森 Brie Larson,2015,8.7,401589
